{"_runtime":121.901276418,"_step":113,"avg_loss":0.702004611492157,"best_loss":0.6997523903846741,"_timestamp":1.7774150464487906e+09,"_wandb":{"runtime":121}}