{"_timestamp":1.7774156461317966e+09,"_step":69,"_wandb":{"runtime":164},"_runtime":164.87137674,"avg_loss":0.8458242416381836,"best_loss":0.8401301503181458}