{"_runtime":102.511458636,"avg_loss":0.7273388504981995,"best_loss":0.7232373356819153,"_timestamp":1.7774149219918516e+09,"_step":132,"_wandb":{"runtime":102}}