{"_wandb":{"runtime":145},"_runtime":145.555289138,"_step":49,"avg_loss":0.5241931080818176,"best_loss":0.5211238265037537,"_timestamp":1.7774154981386218e+09}